STATE,Short-Term Visitor Arrivals,State Population,Short-Term Visitor Arrivals (Normalised)
New South Wales,"234,450",8484400,43.71788223
Victoria,"161,390",6981400,46.55656459
Queensland,"171,360",5586300,36.38365287
South Australia,"15,820",1878000,28.15228967
Western Australia,"56,420",2965200,51.98300283
Tasmania,"3,900",575400,20.17726799
Northern Territory,"6,740",255100,24.34339475
Australian Capital Territory,"8,810",474100,46.72010124
