STATE,Short-Term Resident Returns,State Population,Short-Term Resident Returns (Normalised)
NSW,"370,920",8484400,43.71788223
Vic.,"325,030",6981400,46.55656459
Qld,"203,250",5586300,36.38365287
SA,"52,870",1878000,28.15228967
WA,"154,140",2965200,51.98300283
Tas.,"11,610",575400,20.17726799
NT,"6,210",255100,24.34339475
ACT,"22,150",474100,46.72010124
